"0","vehicle_all
"
"1","  [1]"
"1"," ""bookmark_border"""
"1"," """"               "
"1"," """"               "
"1"," """"               "
"1"," ""bookmark_border"""
"1"," """"               "
"1"," """"               "
"1","
"
"1","  [8]"
"1"," """"               "
"1"," ""bookmark_border"""
"1"," """"               "
"1"," """"               "
"1"," """"               "
"1"," ""bookmark_border"""
"1"," """"               "
"1","
"
"1"," [15]"
"1"," """"               "
"1"," """"               "
"1"," ""bookmark_border"""
"1"," """"               "
"1"," """"               "
"1"," """"               "
"1"," ""bookmark_border"""
"1","
"
"1"," [22]"
"1"," """"               "
"1"," """"               "
"1"," """"               "
"1"," ""bookmark_border"""
"1"," """"               "
"1"," """"               "
"1"," """"               "
"1","
"
"1"," [29]"
"1"," ""bookmark_border"""
"1"," """"               "
"1"," """"               "
"1"," """"               "
"1"," ""bookmark_border"""
"1"," """"               "
"1"," """"               "
"1","
"
"1"," [36]"
"1"," """"               "
"1"," ""bookmark_border"""
"1"," """"               "
"1"," """"               "
"1"," """"               "
"1"," ""bookmark_border"""
"1"," """"               "
"1","
"
"1"," [43]"
"1"," """"               "
"1"," """"               "
"1"," ""bookmark_border"""
"1"," """"               "
"1"," """"               "
"1"," """"               "
"1"," ""bookmark_border"""
"1","
"
"1"," [50]"
"1"," """"               "
"1"," """"               "
"1"," """"               "
"1"," ""bookmark_border"""
"1"," """"               "
"1"," """"               "
"1"," """"               "
"1","
"
"1"," [57]"
"1"," ""bookmark_border"""
"1"," """"               "
"1"," """"               "
"1"," """"               "
"1"," ""bookmark_border"""
"1"," """"               "
"1"," """"               "
"1","
"
"1"," [64]"
"1"," """"               "
"1"," ""bookmark_border"""
"1"," """"               "
"1"," """"               "
"1"," """"               "
"1"," ""bookmark_border"""
"1"," """"               "
"1","
"
"1"," [71]"
"1"," """"               "
"1"," """"               "
"1"," ""bookmark_border"""
"1"," """"               "
"1"," """"               "
"1"," """"               "
"1"," ""bookmark_border"""
"1","
"
"1"," [78]"
"1"," """"               "
"1"," """"               "
"1"," """"               "
"1"," ""bookmark_border"""
"1"," """"               "
"1"," """"               "
"1"," """"               "
"1","
"
"1"," [85]"
"1"," ""bookmark_border"""
"1"," """"               "
"1"," """"               "
"1"," """"               "
"1"," ""bookmark_border"""
"1"," """"               "
"1"," """"               "
"1","
"
"1"," [92]"
"1"," """"               "
"1"," ""bookmark_border"""
"1"," """"               "
"1"," """"               "
"1"," """"               "
"1"," ""bookmark_border"""
"1"," """"               "
"1","
"
"1"," [99]"
"1"," """"               "
"1"," """"               "
"1"," ""bookmark_border"""
"1"," """"               "
"1"," """"               "
"1"," """"               "
"1"," ""bookmark_border"""
"1","
"
"1","[106]"
"1"," """"               "
"1"," """"               "
"1"," """"               "
"1"," ""bookmark_border"""
"1"," """"               "
"1"," """"               "
"1"," """"               "
"1","
"
"1","[113]"
"1"," ""bookmark_border"""
"1"," """"               "
"1"," """"               "
"1"," """"               "
"1"," ""bookmark_border"""
"1"," """"               "
"1"," """"               "
"1","
"
"1","[120]"
"1"," """"               "
"1","
"
